scene,status,ssim,chains,particles,animated,render_ms
1069166728,ok,0.8877,1,2,True,3.3
1096022497,ok,0.6544,1,2,True,4.9
1105074783,ok,0.9736,1,12,True,4.2
1113575639,ok,0.5747,1,0,True,4.7
1120440003,ok,0.6338,0,4,True,4.6
1121119544,ok,0.895,1,0,True,12.7
1130661944,ok,0.7115,1,2,True,4.7
1139304621,ok,0.7328,1,1,True,4.1
1142800513,ok,0.6239,2,21,True,4.8
1144891270,ok,0.6055,2,2,True,5.6
1153085035,ok,0.6861,0,1,True,6.3
1169777106,ok,0.6606,1,1,True,4.8
1182917082,ok,0.5695,4,4,True,5.2
1198541750,ok,0.6243,0,3,True,4.5
1207383996,ok,0.9203,1,1,True,4.3
1211713107,ok,0.7088,1,4,True,4.5
1215089363,ok,0.7139,1,8,True,4.6
1229773489,ok,0.8845,1,0,True,4.5
1271078093,ok,0.6697,0,5,True,4.8
1275904277,ok,0.9477,0,4,True,4.3
1293032482,ok,0.6283,0,12,True,4.6
1305154070,ok,0.6049,0,1,True,3.1
1320636861,ok,0.8299,1,0,True,3.3
1335301903,ok,0.7136,1,1,True,5.1
1351233547,ok,0.584,1,0,True,4.2
1351546743,ok,0.5821,1,15,True,4.6
1355641933,ok,0.5922,0,2,True,5.0
1358904934,ok,0.7426,0,5,True,4.6
1361298253,ok,0.8779,1,0,True,5.1
1368132599,ok,0.7868,3,2,True,4.6
1375031246,ok,0.7095,1,10,True,4.8
1379059795,ok,0.8738,0,5,True,3.9
1388844155,ok,0.735,1,0,True,4.3
1400033648,ok,0.7089,2,8,True,4.7
1405170788,ok,0.7332,1,0,True,4.8
1406075299,ok,0.6956,0,12,True,4.8
1411359460,ok,0.6606,1,2,True,5.3
1412890954,ok,0.7073,2,5,True,5.7
1415650826,ok,0.7866,0,5,True,3.9
1417608778,ok,0.8873,0,1,True,3.8
1417959651,ok,0.795,2,2,True,5.1
1425335979,ok,0.62,1,1,True,4.4
1433247985,ok,0.7237,1,4,True,5.9
1436548880,ok,0.7106,0,0,True,1.9
1438794216,ok,0.6802,0,3,True,4.6
1438975539,ok,0.6794,1,2,True,4.2
1442092399,ok,0.7662,0,0,True,2.1
1442116244,ok,0.8244,0,0,True,2.1
1444077782,ok,0.5758,12,55,True,6.8
1446687537,ok,0.8065,0,3,True,5.9
1454130473,ok,0.7903,1,5,True,4.7
1467112935,ok,0.8527,1,7,True,4.3
1467589139,ok,0.7007,6,1,True,5.0
1467792879,ok,0.7354,1,1,True,3.5
1480598030,ok,0.7393,0,0,False,1.4
1485268204,ok,0.8346,0,2,True,4.1
1486742128,ok,0.7234,9,9,True,8.3
1487552281,ok,0.6058,1,21,True,4.6
1502531221,ok,0.7152,1,4,True,4.7
1511860257,ok,0.6907,1,26,True,4.5
1518255981,ok,0.8246,1,0,True,4.2
1521346180,ok,0.7079,1,1,True,4.6
1532186954,ok,0.663,1,5,True,6.0
1537391845,ok,0.7092,2,7,True,4.5
1539256728,ok,0.827,1,0,True,4.9
1551075800,ok,0.8282,1,7,True,6.0
1556855790,ok,0.6677,0,0,False,1.3
1560102318,ok,0.7836,1,1,True,5.6
1566038186,ok,0.9925,1,2,True,1.7
1576060733,ok,0.5969,1,1,True,5.1
1581962029,ok,0.7147,1,4,True,4.6
1587406889,ok,0.9188,1,2,True,1.8
1589742536,ok,0.6881,1,2,True,4.5
1601504144,ok,0.77,3,0,True,4.7
1607205505,ok,0.7852,1,2,True,4.3
1609085333,ok,0.6021,0,9,True,4.9
1621194763,ok,0.678,1,1,True,4.4
1622303430,ok,0.6497,1,1,True,4.1
1626628010,ok,0.5595,1,11,True,4.7
1627499103,ok,0.8241,4,2,True,4.5
1641628397,ok,0.7984,1,2,True,3.7
1644294947,ok,0.7008,1,2,True,5.0
1650948002,ok,0.6345,1,11,True,4.8
1661229952,ok,0.661,1,9,True,5.4
1671029820,ok,0.9666,1,1,True,5.5
1675095968,ok,0.7312,0,3,True,4.1
1682818465,ok,0.7396,0,4,True,6.0
1685937870,ok,0.9745,1,0,True,4.6
1697751839,ok,0.9672,1,9,True,3.7
1699243252,ok,0.8995,1,0,True,4.6
1701378688,ok,0.8423,1,5,True,4.9
1704469491,ok,0.821,1,0,True,4.4
1721043273,ok,0.6027,4,11,True,4.7
1746625389,ok,0.7542,1,3,True,4.8
1749126207,ok,0.7516,1,7,True,5.9
1755028317,ok,0.713,1,0,True,5.4
1773966488,ok,0.6374,0,4,True,5.3
1774999551,ok,0.6805,1,1,True,6.6
1777466860,ok,0.58,1,10,True,5.1
1777624579,ok,0.6532,0,2,True,4.8
1782383238,ok,0.8281,1,6,True,5.8
1785784637,ok,0.8533,1,2,True,4.8
1787260897,ok,0.6285,3,2,True,5.4
1796304942,ok,0.7186,1,2,True,4.8
1803493586,ok,0.6898,1,1,True,5.8
1803742669,ok,0.8229,0,37,True,5.7
1807445174,ok,0.8265,0,11,True,4.3
1820702991,ok,0.7823,0,0,False,1.4
1820832939,ok,0.8342,0,3,True,5.3
1821299871,ok,0.6268,1,1,True,4.9
1821723798,ok,0.6487,0,1,True,4.8
1822973443,ok,0.6299,1,7,True,4.9
1836924050,ok,0.684,1,12,True,9.4
1845771162,ok,0.792,0,9,True,4.6
1864018545,ok,0.6464,0,0,False,0.6
1864236873,ok,0.7557,1,5,True,4.2
1869909692,ok,0.6123,0,0,False,1.8
1883906261,ok,0.7399,1,2,True,8.8
1884904087,ok,0.697,1,1,True,5.8
1891140885,ok,0.807,0,4,True,4.6
1891637175,ok,0.8322,1,1,True,2.0
1894350748,ok,0.8375,1,5,True,4.7
1895828809,ok,0.8875,4,4,True,4.3
1896390878,ok,0.7622,1,17,True,5.1
1916606073,ok,0.7036,3,0,True,5.7
1918995622,ok,0.6551,1,2,True,4.5
1924444502,ok,0.6004,0,0,False,1.8
1938056791,ok,0.6051,2,3,True,5.2
1939730244,ok,0.7758,1,0,True,5.9
1940406000,ok,0.8179,1,22,True,5.3
1941080435,ok,0.8145,1,2,True,5.3
1948961570,ok,0.8457,1,4,True,4.8
1951835990,ok,0.8114,1,11,True,4.4
1953144646,ok,0.6851,0,3,True,6.8
1959836574,ok,0.6636,0,11,True,5.6
1967231918,ok,0.7202,1,3,True,5.2
1976247235,ok,0.5669,0,4,True,4.1
1977194280,ok,0.6848,1,3,True,5.0
1977942743,ok,0.6644,2,7,True,9.7
1980759773,ok,0.7472,1,0,True,5.3
1989351128,ok,0.6799,1,5,True,4.3
2003515717,ok,0.7095,1,2,True,6.0
2004695906,ok,0.6604,0,1,True,4.3
2009583253,ok,0.8269,0,2,True,5.5
2013283809,ok,0.7347,1,1,True,5.2
2021828900,ok,0.7715,6,12,True,9.6
2028172205,ok,0.8423,1,1,True,4.6
2040218527,ok,0.712,1,7,True,5.2
2040797956,ok,0.5747,0,6,True,4.7
2055452753,ok,0.7065,1,0,True,5.2
2055454406,ok,0.744,1,0,True,4.4
2057951800,ok,0.7591,1,2,True,5.4
2069169291,ok,0.7615,1,3,True,4.1
2075127892,ok,0.7589,0,3,True,4.4
2078716698,ok,0.7188,0,8,True,5.2
2078983887,ok,0.6648,1,3,True,4.9
2086821449,ok,0.8079,1,3,True,7.8
2089769744,ok,0.7324,1,1,True,4.7
2091191682,ok,0.6652,2,3,True,7.7
2100049948,ok,0.7444,1,9,True,5.3
2100638960,ok,0.602,1,4,True,5.3
2101150485,ok,0.8768,1,1,True,4.2
2102384266,ok,0.6093,1,2,True,8.3
2109616156,ok,0.8162,0,0,False,1.6
2109781506,ok,0.7285,0,21,True,4.8
2112603865,ok,0.6768,1,20,True,5.0
2112643668,ok,0.7284,1,2,True,5.0
2114040291,ok,0.8214,0,2,True,5.6
2116656115,ok,0.6062,0,0,False,0.4
2118070736,ok,0.5959,1,10,True,5.6
2118284965,ok,0.951,1,1,True,4.9
2118943596,ok,0.6861,1,3,True,5.0
2119495626,ok,0.7732,1,0,True,3.9
2121420879,ok,0.615,1,6,True,5.3
2122017400,ok,0.7495,2,1,True,4.2
2130367557,ok,0.6397,1,12,True,4.1
2133876667,ok,0.6409,1,1,True,4.4
2138655350,ok,0.8959,1,6,True,5.3
2158114163,ok,0.6538,0,6,True,3.7
2165290843,ok,0.8929,6,19,True,5.4
2168640648,ok,0.8332,0,0,True,1.7
2175892835,ok,0.5729,0,2,True,5.2
2176051370,ok,0.5506,1,1,True,5.6
2186167510,ok,0.7448,1,5,True,5.1
2206068039,ok,0.9309,1,1,True,4.5
2206777368,ok,0.5462,1,1,True,4.4
2216822793,ok,0.6415,1,6,True,5.9
2224122637,ok,0.8862,0,0,False,1.3
2229427913,ok,0.6414,0,0,False,2.2
2234714713,ok,0.6126,1,1,True,5.2
2235964754,ok,0.712,0,2,True,4.4
2240102452,ok,0.7649,1,4,True,4.7
2242388122,ok,0.6513,6,0,True,5.1
2244109823,ok,0.6905,1,3,True,5.0
2244270027,ok,0.7208,1,12,True,5.4
2250572219,ok,0.8936,2,7,True,5.0
2254747472,ok,0.7281,6,18,True,6.5
2269776770,ok,0.6448,3,4,True,5.3
2278738483,ok,0.5478,1,10,True,5.1
2278782424,ok,0.7563,2,3,True,4.1
2280370760,ok,0.8492,2,9,True,2.5
2285115188,ok,0.6107,1,0,True,4.8
2295487955,ok,0.7363,1,2,True,4.8
2296636049,ok,0.5916,0,34,True,7.0
2306121989,ok,0.7113,5,3,True,2.7
2312820955,ok,0.7577,1,2,True,4.7
2358861700,ok,0.6827,0,5,True,4.9
2370640409,ok,0.6354,7,10,True,5.5
2383234605,ok,0.6725,4,18,True,8.8
2390984293,ok,0.6743,1,11,True,5.6
2411455579,ok,0.664,3,2,True,5.4
2424490762,ok,0.9497,1,9,True,4.6
2426248371,ok,0.6979,8,6,True,8.2
2443637461,ok,0.8003,1,0,True,5.3
2444472355,ok,0.6082,8,0,True,5.0
2447524645,ok,0.7858,1,0,True,4.3
2455305728,ok,0.698,2,6,True,4.6
2477602742,ok,0.8078,6,2,True,4.9
2506851799,ok,0.678,3,2,True,4.6
2518584315,ok,0.6765,6,10,True,5.6
2534345520,ok,0.7174,8,20,True,5.3
2537852389,ok,0.8181,5,16,True,4.9
2558608866,ok,0.622,1,1,True,5.2
2577798775,ok,0.8076,2,4,True,4.3
2581587068,ok,0.7793,1,0,True,4.6
2599989258,ok,0.7737,1,3,True,4.5
2606813733,ok,0.6871,5,24,True,5.2
2615129487,ok,0.8725,1,4,True,3.5
2638202643,ok,0.6943,0,2,True,2.6
2655882090,ok,0.7589,2,15,True,4.5
2677254062,ok,0.7101,3,7,True,4.8
2709098446,ok,0.7854,4,7,True,5.0
2790820524,ok,0.6729,0,4,True,4.7
2837913474,ok,0.8169,1,7,True,2.6
2842195484,exit1,,,,,
2845873700,ok,0.5996,6,13,True,7.1
2883256928,ok,0.8914,0,0,True,0.6
2891436791,ok,0.6293,1,1,True,5.9
2908791635,ok,0.6814,0,0,True,1.8
2942124347,ok,0.6343,1,1,True,4.3
2952281182,ok,0.5901,7,59,True,6.1
2997239055,ok,0.603,6,4,True,8.5
2997430321,ok,0.6513,1,2,True,4.7
3005334833,ok,0.5003,5,22,True,2.1
3009311583,ok,0.5946,7,5,True,5.1
3012607163,ok,0.6305,1,2,True,4.6
3014651247,ok,0.6589,1,2,True,4.8
3016047975,ok,0.7051,1,6,True,4.8
3018595139,ok,0.7387,1,1,True,5.0
3019642163,ok,0.6495,1,0,True,4.8
3021923840,ok,0.6684,1,2,True,4.6
3022848405,ok,0.8382,1,0,True,4.8
3028769236,ok,0.6028,1,1,True,4.7
3029865244,ok,0.9093,1,3,True,4.8
3030064107,ok,0.778,2,3,True,5.2
3034574479,ok,0.6273,0,1,True,2.3
3034882619,ok,0.6436,1,3,True,5.0
3036853201,ok,0.5112,3,1,True,2.2
3039625231,ok,0.7112,9,9,True,5.4
3045522422,ok,0.698,0,6,True,4.4
3046119914,ok,0.623,0,0,False,1.4
3046959262,ok,0.7105,1,1,True,5.7
3050160027,ok,0.6198,1,2,True,4.6
3108470997,ok,0.7886,1,2,True,4.9
3118949804,ok,0.7615,3,1,True,3.4
3120519113,ok,0.7137,1,0,True,4.9
3127755243,ok,0.5875,1,0,True,4.2
3131831042,ok,0.6769,1,1,True,5.4
3135696887,ok,0.6427,0,0,True,1.3
3147734654,ok,0.6509,1,1,True,4.8
3154070641,ok,0.8621,2,1,True,3.6
3173987010,ok,0.769,1,0,True,2.8
3213046325,ok,0.6215,0,3,True,4.7
3233657360,ok,0.7136,2,7,True,4.5
3234870706,ok,0.6857,8,1,True,5.1
3238423642,ok,0.7149,2,18,True,5.1
3247245645,ok,0.5897,2,11,True,5.1
3249059656,ok,0.7139,1,4,True,3.2
3252854272,ok,0.8071,1,4,True,2.8
3260370312,ok,0.583,2,3,True,4.6
3261715807,ok,0.7146,5,6,True,5.5
3271600829,ok,0.8372,2,3,True,5.1
3273312916,ok,0.6301,3,6,True,4.8
3273352986,ok,0.5845,3,4,True,5.0
3275335644,ok,0.6493,1,3,True,4.6
3288653715,ok,0.6451,5,3,True,4.8
3298625483,ok,0.7131,1,11,True,5.0
3299228616,ok,0.5778,38,42,True,6.0
3302695207,ok,0.7982,10,3,True,5.0
3311420365,ok,0.7438,5,10,True,4.8
3324805657,ok,0.7347,7,11,True,5.6
3374716539,ok,0.833,1,1,True,4.7
3377347120,ok,0.5611,0,0,False,1.4
3385705614,ok,0.6831,0,3,True,6.4
3393455874,ok,0.5936,0,1,True,4.1
3409113394,ok,0.6322,0,0,False,1.4
3411850907,ok,0.6554,1,0,True,4.7
3413921910,ok,0.725,6,5,True,5.1
3414163476,ok,0.568,0,0,False,1.5
3414950124,ok,0.5362,0,0,False,1.4
3415026279,ok,0.7597,0,0,False,1.4
3415040207,ok,0.6842,0,0,False,1.5
3416276560,ok,0.7958,1,0,True,4.6
3428951136,ok,0.6898,5,1,True,4.0
3433400550,ok,0.5032,3,8,True,1.5
3433482345,ok,0.6632,0,0,False,1.3
3435726855,ok,0.5566,0,0,False,1.7
3435940653,ok,0.8243,0,0,False,1.6
3438559696,ok,0.6066,9,2,True,7.0
3444535389,ok,0.5022,1,0,True,1.7
3455074362,ok,0.6826,4,5,True,8.2
3464333905,ok,0.9195,1,0,True,4.1
3464882367,ok,0.5589,3,0,True,6.9
3469390911,ok,0.6497,4,7,True,4.7
3470137020,ok,0.6125,0,0,False,1.5
3488464367,ok,0.6864,1,3,True,4.6
3494729179,ok,0.7691,3,0,True,3.1
3494800319,ok,0.6481,12,8,True,6.2
3510193651,ok,0.7327,1,3,True,4.8
3512472776,ok,0.788,1,0,True,3.1
3513662969,exit1,,,,,
3517483224,ok,0.5777,11,7,True,4.6
3523445730,ok,0.7005,1,0,True,5.1
3525676336,ok,0.6482,1,0,True,5.1
3527889800,ok,0.6528,7,0,True,8.2
3527951658,ok,0.6561,0,1,True,5.1
3531624187,ok,0.7106,1,1,True,5.0
3532291433,ok,0.6772,0,1,True,5.0
3532389976,ok,0.7915,0,1,True,5.9
3534407969,ok,0.7631,0,3,True,4.9
3537909785,ok,0.7058,0,1,True,5.4
3538714036,ok,0.8673,0,1,True,5.1
3538740176,ok,0.6271,0,1,True,4.6
3540227590,ok,0.6566,0,1,True,4.6
3542516977,ok,0.7421,0,1,True,5.0
3546360498,ok,0.7353,0,0,False,1.4
3555312540,ok,0.6246,1,0,True,2.8
3567106980,ok,0.7043,1,5,True,7.0
3567762311,ok,0.6872,0,1,True,4.2
3573288203,ok,0.9558,1,5,True,4.4
3581904481,ok,0.7283,1,0,True,4.4
3585741639,ok,0.6476,1,6,True,9.0
3586308277,ok,0.595,1,3,True,4.6
3589819394,ok,0.8684,3,2,True,16.5
3594405159,ok,0.7428,0,11,True,4.5
3597803619,ok,0.8004,1,2,True,4.6
3600489964,ok,0.7716,1,2,True,3.0
3601696953,ok,0.7031,7,3,True,4.7
3603812691,ok,0.6518,8,4,True,4.5
3604638636,ok,0.7667,8,1,True,2.2
3606529469,ok,0.676,1,1,True,3.7
3607262313,ok,0.6576,1,3,True,4.3
3613098948,ok,0.6,0,1,True,4.2
3615422292,ok,0.6349,6,5,True,4.8
3616455565,ok,0.6472,1,0,True,11.8
3616541797,ok,0.6384,1,2,True,5.4
3619211236,ok,0.8015,0,6,True,4.4
3619373520,ok,0.8409,3,1,True,4.8
3619686402,ok,0.716,2,11,True,5.0
3621936317,ok,0.7885,6,4,True,2.6
3624257712,ok,0.5015,4,5,True,1.9
3626305963,ok,0.6196,4,6,True,6.3
3627327015,ok,0.7633,3,17,True,5.1
3627973226,ok,0.5755,8,10,True,4.8
3629379075,ok,0.5,12,8,True,1.7
3638375196,ok,0.7485,2,0,True,2.5
3643143272,ok,0.7272,1,1,True,4.9
3644280276,ok,0.9325,7,10,True,4.1
3656811810,ok,0.7211,1,4,True,4.2
3660868109,ok,0.8945,3,4,True,5.3
3662133837,ok,0.8213,3,4,True,4.7
3669680904,ok,0.7029,5,11,True,4.3
3670813883,ok,0.6678,4,19,True,5.0
3675966045,ok,0.5258,7,9,True,1.5
3754071152,ok,0.5985,1,0,True,6.3
3775394622,ok,0.9064,2,8,True,5.4
931333736,ok,0.6356,1,1,True,5.0
937131572,ok,0.8143,0,1,True,4.1
956429110,ok,0.7655,1,0,True,2.3
960368411,ok,0.8101,1,2,True,2.7
970468457,ok,0.6142,1,2,True,5.3
